Catégorie;Mot-clé
Tapis;nettoyage tapis toulouse
Tapis;nettoyage tapis toulouse prix
Tapis;nettoyage tapis toulouse les mieux notés
Tapis;nettoyage de tapis toulouse
Tapis;nettoyage tapis ancien toulouse
Tapis;nettoyage tapis laine toulouse
Tapis;nettoyage tapis persan toulouse
Tapis;nettoyage tapis professionnel toulouse
Tapis;entreprise nettoyage tapis toulouse
Tapis;service nettoyage tapis toulouse
Tapis;pressing tapis toulouse
Tapis;tarif nettoyage tapis pressing toulouse
Tapis;shampouinage tapis toulouse
Tapis;location shampouineuse tapis toulouse
Tapis;nettoyage tapis blagnac
Tapis;nettoyage tapis colomiers
Tapis;nettoyage tapis tournefeuille
Tapis;nettoyage tapis muret
Tapis;nettoyage tapis balma
Canapé / Fauteuil;nettoyage canapé toulouse
Canapé / Fauteuil;nettoyage canape toulouse
Canapé / Fauteuil;nettoyage canapé toulouse prix
Canapé / Fauteuil;nettoyage canapé à domicile toulouse
Canapé / Fauteuil;nettoyage canape a domicile toulouse
Canapé / Fauteuil;nettoyage de canapé toulouse
Canapé / Fauteuil;nettoyage canapé tissu toulouse
Canapé / Fauteuil;nettoyeur canapé toulouse
Canapé / Fauteuil;entreprise nettoyage canapé toulouse
Canapé / Fauteuil;entreprise de nettoyage canapé toulouse
Canapé / Fauteuil;societe nettoyage canape toulouse
Canapé / Fauteuil;location nettoyeur canapé toulouse
Canapé / Fauteuil;location shampouineuse canapé toulouse
Canapé / Fauteuil;shampouineuse canapé toulouse
Canapé / Fauteuil;nettoyage fauteuil toulouse
Canapé / Fauteuil;nettoyage canapé blagnac
Canapé / Fauteuil;nettoyage canapé colomiers
Canapé / Fauteuil;nettoyage canapé tournefeuille
Canapé / Fauteuil;nettoyage canapé muret
Canapé / Fauteuil;nettoyage canapé balma
Matelas;nettoyage matelas toulouse
Matelas;entreprise nettoyage matelas toulouse
Matelas;location shampouineuse matelas toulouse
Moquette;nettoyage moquette toulouse
Moquette;location shampouineuse moquette toulouse
Vitres;nettoyage vitres toulouse
Vitres;nettoyage de vitres toulouse
Vitres;laveur vitres toulouse
Vitres;laveur de vitres toulouse
Vitres;laveur vitre toulouse
Vitres;lavage vitre toulouse
Vitres;entreprise nettoyage vitres toulouse
Vitres;nettoyage vitre blagnac
Vitres;entreprise nettoyage vitre blagnac
Vitres;nettoyage vitre colomiers
Vitres;entreprise nettoyage vitre colomiers
Voiture / Auto;nettoyage auto toulouse
Voiture / Auto;nettoyage auto toulouse a domicile
Voiture / Auto;nettoyage voiture toulouse
Voiture / Auto;nettoyage voiture toulouse prix
Voiture / Auto;nettoyage voiture toulouse à domicile
Voiture / Auto;nettoyage voiture toulouse blagnac
Voiture / Auto;nettoyage voiture toulouse pas cher
Voiture / Auto;nettoyage voiture toulouse nord
Voiture / Auto;nettoyage voiture toulouse balma
Voiture / Auto;nettoyage voiture domicile toulouse
Voiture / Auto;nettoyage voiture intérieur toulouse
Voiture / Auto;nettoyage voiture intérieur extérieur toulouse
Voiture / Auto;nettoyage siege voiture toulouse
Voiture / Auto;nettoyage interieur voiture toulouse
Voiture / Auto;prix nettoyage interieur voiture toulouse
Voiture / Auto;nettoyage professionnel voiture toulouse
Voiture / Auto;detailing auto toulouse
Voiture / Auto;lavage auto toulouse
Voiture / Auto;lavage auto toulouse pas cher
Voiture / Auto;lavage auto toulouse autour de moi
Voiture / Auto;car clean toulouse
Voiture / Auto;nettoyage interieur voiture labege
Voiture / Auto;nettoyage interieur voiture fenouillet
Voiture / Auto;nettoyage intérieur voiture portet sur garonne
Terrasse / Haute pression;nettoyage terrasse toulouse
Terrasse / Haute pression;nettoyage terrasse bois toulouse
Terrasse / Haute pression;entreprise nettoyage terrasse toulouse
Terrasse / Haute pression;nettoyage haute pression toulouse
Terrasse / Haute pression;location nettoyeur haute pression toulouse
Terrasse / Haute pression;prix nettoyage toiture toulouse
Toiture / Façade;nettoyage toiture toulouse
Toiture / Façade;nettoyage façade toulouse
Toiture / Façade;nettoyage facade toulouse
Toiture / Façade;entretien toiture toulouse
Toiture / Façade;demoussage toiture toulouse
Toiture / Façade;traitement toiture toulouse
Toiture / Façade;nettoyage toiture drone toulouse
Toiture / Façade;entreprise nettoyage toiture toulouse
Toiture / Façade;ravalement facade toulouse
Appartement / Maison / Ménage;nettoyage appartement toulouse
Appartement / Maison / Ménage;entreprise nettoyage appartement toulouse
Appartement / Maison / Ménage;nettoyage maison toulouse
Appartement / Maison / Ménage;entreprise nettoyage maison toulouse
Appartement / Maison / Ménage;nettoyage logement insalubre toulouse
Appartement / Maison / Ménage;nettoyage fin de bail toulouse
Appartement / Maison / Ménage;nettoyage fin de chantier toulouse
Appartement / Maison / Ménage;ménage à domicile toulouse
Appartement / Maison / Ménage;ménage déménagement toulouse
Appartement / Maison / Ménage;service à domicile toulouse
Appartement / Maison / Ménage;aide ménagère à domicile toulouse
Appartement / Maison / Ménage;nettoyage domicile toulouse
Appartement / Maison / Ménage;agence de menage toulouse
Appartement / Maison / Ménage;entreprise de menage toulouse
Entreprise / Locaux / Pro;nettoyage professionnel toulouse
Entreprise / Locaux / Pro;nettoyage industriel toulouse
Entreprise / Locaux / Pro;entreprise nettoyage toulouse
Entreprise / Locaux / Pro;entreprise nettoyage toulouse particulier
Entreprise / Locaux / Pro;entreprise de nettoyage toulouse
Entreprise / Locaux / Pro;entreprise de nettoyage toulouse particulier
Entreprise / Locaux / Pro;entreprise de nettoyage bureaux toulouse
Entreprise / Locaux / Pro;entreprise nettoyage professionnel toulouse
Entreprise / Locaux / Pro;entreprise nettoyage industriel toulouse
Entreprise / Locaux / Pro;agence de nettoyage toulouse
Entreprise / Locaux / Pro;nettoyage locaux toulouse
Entreprise / Locaux / Pro;nettoyage entreprise toulouse
Entreprise / Locaux / Pro;menage professionnel toulouse
Entreprise / Locaux / Pro;menage entreprise toulouse
Entreprise / Locaux / Pro;société de nettoyage toulouse recrutement
Entreprise / Locaux / Pro;agent de nettoyage toulouse
Entreprise / Locaux / Pro;agent de propreté toulouse
Location matériel;location shampouineuse toulouse
Location matériel;location nettoyeur toulouse
Location matériel;location nettoyeur vapeur toulouse
Location matériel;location materiel nettoyage toulouse
Zone d'intervention - Colomiers;nettoyage colomiers
Zone d'intervention - Colomiers;nettoyage tapis colomiers
Zone d'intervention - Colomiers;nettoyage canapé colomiers
Zone d'intervention - Colomiers;entreprise nettoyage colomiers
Zone d'intervention - Colomiers;nettoyage vitre colomiers
Zone d'intervention - Colomiers;entreprise nettoyage vitre colomiers
Zone d'intervention - Colomiers;société ménage colomiers
Zone d'intervention - Blagnac;nettoyage blagnac
Zone d'intervention - Blagnac;nettoyage canapé blagnac
Zone d'intervention - Blagnac;nettoyage tapis blagnac
Zone d'intervention - Blagnac;nettoyage vitre blagnac
Zone d'intervention - Blagnac;entreprise nettoyage blagnac
Zone d'intervention - Blagnac;entreprise nettoyage vitre blagnac
Zone d'intervention - Tournefeuille;nettoyage tournefeuille
Zone d'intervention - Tournefeuille;nettoyage canapé tournefeuille
Zone d'intervention - Tournefeuille;nettoyage tapis tournefeuille
Zone d'intervention - Tournefeuille;entreprise nettoyage tournefeuille
Zone d'intervention - Muret;nettoyage muret
Zone d'intervention - Muret;entreprise nettoyage muret
Zone d'intervention - Muret;entreprise ménage muret
Zone d'intervention - Muret;agence ménage muret
Zone d'intervention - Muret;nettoyage tapis muret
Zone d'intervention - Muret;nettoyage canapé muret
Zone d'intervention - Cugnaux;nettoyage cugnaux
Zone d'intervention - Cugnaux;entreprise nettoyage cugnaux
Zone d'intervention - Balma;nettoyage balma
Zone d'intervention - Balma;nettoyage canapé balma
Zone d'intervention - Balma;nettoyage tapis balma
Zone d'intervention - Balma;entreprise nettoyage balma
Zone d'intervention - Ramonville;nettoyage ramonville
Zone d'intervention - Ramonville;entreprise nettoyage ramonville
Zone d'intervention - Ramonville;entreprise de nettoyage ramonville saint agne
Zone d'intervention - Castanet-Tolosan;entreprise de nettoyage castanet tolosan
Zone d'intervention - Plaisance-du-Touch;nettoyage plaisance du touch
Zone d'intervention - Plaisance-du-Touch;entreprise nettoyage plaisance du touch
Zone d'intervention - Portet-sur-Garonne;entreprise de nettoyage portet sur garonne
Zone d'intervention - Aucamville;entreprise de nettoyage aucamville
Zone d'intervention - Labège;nettoyage labege
Zone d'intervention - Labège;société nettoyage labege
Zone d'intervention - Castelginest;nettoyage castelginest
Zone d'intervention - Castelginest;entreprise de nettoyage castelginest
Zone d'intervention - Fenouillet;nettoyage fenouillet
Zone d'intervention - Fonsorbes;nettoyage fonsorbes
Zone d'intervention - Fonsorbes;entreprise de nettoyage fonsorbes
Zone d'intervention - Haute-Garonne (31);entreprise de nettoyage haute garonne
Zone d'intervention - Haute-Garonne (31);nettoyage haute garonne
